3032,MCANOBRA
3532,MCANOBRA
16582,MCANOBRA
16417,MCANOBRA
16507,MCANOBRA
16583,MCANOBRA
3005,MCANOBRA
3002,MCANOBRA
16625,MCANOBRA
16520,MCANOBRA
11343,MCANOBRA
3201,MCANOBRA
3299,MCANOBRA
16588,MCANOBRA
3608,MCANOBRA
16652,MCANOBRA
16541,MCANOBRA
16484,MCANOBRA
3310,MCANOBRA
11348,MCANOBRA
16512,MCANOBRA
3297,MCANOBRA
2993,MCANOBRA
3292,MCANOBRA
3347,MCANOBRA
16556,MCANOBRA
16677,MCANOBRA
2999,MCANOBRA
16485,MCANOBRA
16690,MCANOBRA
16488,MCANOBRA
3202,MCANOBRA
16589,MCANOBRA
3430,MCANOBRA
16569,MCANOBRA
3291,MCANOBRA
2863,MCANOBRA
16634,MCANOBRA
16730,MCANOBRA
2997,MCANOBRA
16704,MCANOBRA
3203,MCANOBRA
16608,MCANOBRA
16443,MCANOBRA
16526,MCANOBRA
3013,MCANOBRA
16459,MCANOBRA
2991,MCANOBRA
16695,MCANOBRA
3460,MCANOBRA
16564,MCANOBRA
11336,MCANOBRA
3304,MCANOBRA
16685,MCANOBRA
16570,MCANOBRA
16461,MCANOBRA
16644,MCANOBRA
16410,MCANOBRA
16415,MCANOBRA
16600,MCANOBRA
2862,MCANOBRA
16448,MCANOBRA
3303,MCANOBRA
16444,MCANOBRA
3302,MCANOBRA
3431,MCANOBRA
11339,MCANOBRA
2990,MCANOBRA
16535,MCANOBRA
3533,MCANOBRA
3530,MCANOBRA
2995,MCANOBRA
16441,MCANOBRA
3006,MCANOBRA
3432,MCANOBRA
16446,MCANOBRA
